-- XEX Play Seed Data
-- 1 event, 4 matches, 15 cards (3G + 5S + 7W), 1 published basket

-- Event: World Cup 2026
INSERT INTO events (id, name, slug, description, start_date, end_date, is_active, scoring_multiplier) VALUES
('a1000000-0000-0000-0000-000000000001',
 '{"en": "FIFA World Cup 2026", "fa": "جام جهانی فیفا ۲۰۲۶", "ar": "كأس العالم فيفا 2026"}',
 'world-cup-2026',
 '{"en": "The 23rd FIFA World Cup", "fa": "بیست و سومین دوره جام جهانی فوتبال", "ar": "النسخة الثالثة والعشرون من كأس العالم"}',
 '2026-06-11', '2026-07-19', true, 1.00);

-- Matches
INSERT INTO matches (id, event_id, home_team, away_team, kickoff_time, status) VALUES
('b1000000-0000-0000-0000-000000000001', 'a1000000-0000-0000-0000-000000000001', 'Brazil', 'Sweden', '2026-06-15 18:00:00+00', 'upcoming'),
('b1000000-0000-0000-0000-000000000002', 'a1000000-0000-0000-0000-000000000001', 'Germany', 'Japan', '2026-06-15 15:00:00+00', 'upcoming'),
('b1000000-0000-0000-0000-000000000003', 'a1000000-0000-0000-0000-000000000001', 'Argentina', 'Australia', '2026-06-15 21:00:00+00', 'upcoming'),
('b1000000-0000-0000-0000-000000000004', 'a1000000-0000-0000-0000-000000000001', 'France', 'Mexico', '2026-06-15 12:00:00+00', 'upcoming');

-- Cards: 3 Gold + 5 Silver + 7 White = 15
-- Gold cards (high_answer_is_yes determines which answer gets +20)
INSERT INTO cards (id, match_id, question_text, tier, high_answer_is_yes, available_date, expires_at) VALUES
('c1000000-0000-0000-0000-000000000001', 'b1000000-0000-0000-0000-000000000001',
 '{"en": "Will Brazil score more than 3 goals?", "fa": "آیا برزیل بیش از ۳ گل می‌زند؟", "ar": "هل ستسجل البرازيل أكثر من 3 أهداف؟"}',
 'gold', true, '2026-06-15', '2026-06-15 18:00:00+00'),
('c1000000-0000-0000-0000-000000000002', 'b1000000-0000-0000-0000-000000000002',
 '{"en": "Will Germany win by 2+ goals?", "fa": "آیا آلمان با ۲ گل یا بیشتر برنده می‌شود؟", "ar": "هل ستفوز ألمانيا بفارق هدفين أو أكثر؟"}',
 'gold', true, '2026-06-15', '2026-06-15 15:00:00+00'),
('c1000000-0000-0000-0000-000000000003', 'b1000000-0000-0000-0000-000000000003',
 '{"en": "Will Messi score in the first half?", "fa": "آیا مسی در نیمه اول گل می‌زند؟", "ar": "هل سيسجل ميسي في الشوط الأول؟"}',
 'gold', false, '2026-06-15', '2026-06-15 21:00:00+00'),

-- Silver cards
('c1000000-0000-0000-0000-000000000004', 'b1000000-0000-0000-0000-000000000001',
 '{"en": "Will there be more than 2 goals in total?", "fa": "آیا مجموع گل‌ها بیش از ۲ خواهد بود؟", "ar": "هل سيكون مجموع الأهداف أكثر من 2؟"}',
 'silver', true, '2026-06-15', '2026-06-15 18:00:00+00'),
('c1000000-0000-0000-0000-000000000005', 'b1000000-0000-0000-0000-000000000002',
 '{"en": "Will Japan get a red card?", "fa": "آیا ژاپن کارت قرمز می‌گیرد؟", "ar": "هل ستحصل اليابان على بطاقة حمراء؟"}',
 'silver', false, '2026-06-15', '2026-06-15 15:00:00+00'),
('c1000000-0000-0000-0000-000000000006', 'b1000000-0000-0000-0000-000000000003',
 '{"en": "Will Argentina have more than 60% possession?", "fa": "آیا آرژانتین بیش از ۶۰٪ مالکیت توپ خواهد داشت؟", "ar": "هل ستحصل الأرجنتين على أكثر من 60% حيازة؟"}',
 'silver', true, '2026-06-15', '2026-06-15 21:00:00+00'),
('c1000000-0000-0000-0000-000000000007', 'b1000000-0000-0000-0000-000000000004',
 '{"en": "Will France score in the first 15 minutes?", "fa": "آیا فرانسه در ۱۵ دقیقه اول گل می‌زند؟", "ar": "هل ستسجل فرنسا في أول 15 دقيقة؟"}',
 'silver', true, '2026-06-15', '2026-06-15 12:00:00+00'),
('c1000000-0000-0000-0000-000000000008', 'b1000000-0000-0000-0000-000000000004',
 '{"en": "Will there be a penalty in France vs Mexico?", "fa": "آیا در بازی فرانسه و مکزیک پنالتی خواهد بود؟", "ar": "هل ستكون هناك ركلة جزاء في مباراة فرنسا والمكسيك؟"}',
 'silver', false, '2026-06-15', '2026-06-15 12:00:00+00'),

-- White cards (no high_answer_is_yes needed, both answers = 10)
('c1000000-0000-0000-0000-000000000009', 'b1000000-0000-0000-0000-000000000001',
 '{"en": "Will Brazil have more corners than Sweden?", "fa": "آیا برزیل کرنر بیشتری از سوئد خواهد داشت؟", "ar": "هل ستحصل البرازيل على ركنيات أكثر من السويد؟"}',
 'white', NULL, '2026-06-15', '2026-06-15 18:00:00+00'),
('c1000000-0000-0000-0000-000000000010', 'b1000000-0000-0000-0000-000000000001',
 '{"en": "Will the first goal be scored before halftime?", "fa": "آیا اولین گل قبل از پایان نیمه اول زده می‌شود؟", "ar": "هل سيتم تسجيل الهدف الأول قبل نهاية الشوط الأول؟"}',
 'white', NULL, '2026-06-15', '2026-06-15 18:00:00+00'),
('c1000000-0000-0000-0000-000000000011', 'b1000000-0000-0000-0000-000000000002',
 '{"en": "Will there be more than 3 yellow cards?", "fa": "آیا بیش از ۳ کارت زرد داده می‌شود؟", "ar": "هل ستكون هناك أكثر من 3 بطاقات صفراء؟"}',
 'white', NULL, '2026-06-15', '2026-06-15 15:00:00+00'),
('c1000000-0000-0000-0000-000000000012', 'b1000000-0000-0000-0000-000000000002',
 '{"en": "Will Germany have more shots on target?", "fa": "آیا آلمان شوت‌های بیشتری در چارچوب خواهد داشت؟", "ar": "هل ستحصل ألمانيا على تسديدات أكثر على المرمى؟"}',
 'white', NULL, '2026-06-15', '2026-06-15 15:00:00+00'),
('c1000000-0000-0000-0000-000000000013', 'b1000000-0000-0000-0000-000000000003',
 '{"en": "Will the match end in a draw?", "fa": "آیا بازی مساوی تمام می‌شود؟", "ar": "هل ستنتهي المباراة بالتعادل؟"}',
 'white', NULL, '2026-06-15', '2026-06-15 21:00:00+00'),
('c1000000-0000-0000-0000-000000000014', 'b1000000-0000-0000-0000-000000000003',
 '{"en": "Will there be a substitution before 60th minute?", "fa": "آیا قبل از دقیقه ۶۰ تعویض انجام می‌شود؟", "ar": "هل سيكون هناك تبديل قبل الدقيقة 60؟"}',
 'white', NULL, '2026-06-15', '2026-06-15 21:00:00+00'),
('c1000000-0000-0000-0000-000000000015', 'b1000000-0000-0000-0000-000000000004',
 '{"en": "Will Mexico attempt more than 10 shots?", "fa": "آیا مکزیک بیش از ۱۰ شوت خواهد داشت؟", "ar": "هل ستسدد المكسيك أكثر من 10 تسديدات؟"}',
 'white', NULL, '2026-06-15', '2026-06-15 12:00:00+00');

-- Daily Basket for 2026-06-15
INSERT INTO daily_baskets (id, basket_date, event_id, is_published) VALUES
('d1000000-0000-0000-0000-000000000001', '2026-06-15', 'a1000000-0000-0000-0000-000000000001', true);

-- Add all 15 cards to the basket
INSERT INTO daily_basket_cards (basket_id, card_id, position) VALUES
('d1000000-0000-0000-0000-000000000001', 'c1000000-0000-0000-0000-000000000001', 1),
('d1000000-0000-0000-0000-000000000001', 'c1000000-0000-0000-0000-000000000002', 2),
('d1000000-0000-0000-0000-000000000001', 'c1000000-0000-0000-0000-000000000003', 3),
('d1000000-0000-0000-0000-000000000001', 'c1000000-0000-0000-0000-000000000004', 4),
('d1000000-0000-0000-0000-000000000001', 'c1000000-0000-0000-0000-000000000005', 5),
('d1000000-0000-0000-0000-000000000001', 'c1000000-0000-0000-0000-000000000006', 6),
('d1000000-0000-0000-0000-000000000001', 'c1000000-0000-0000-0000-000000000007', 7),
('d1000000-0000-0000-0000-000000000001', 'c1000000-0000-0000-0000-000000000008', 8),
('d1000000-0000-0000-0000-000000000001', 'c1000000-0000-0000-0000-000000000009', 9),
('d1000000-0000-0000-0000-000000000001', 'c1000000-0000-0000-0000-000000000010', 10),
('d1000000-0000-0000-0000-000000000001', 'c1000000-0000-0000-0000-000000000011', 11),
('d1000000-0000-0000-0000-000000000001', 'c1000000-0000-0000-0000-000000000012', 12),
('d1000000-0000-0000-0000-000000000001', 'c1000000-0000-0000-0000-000000000013', 13),
('d1000000-0000-0000-0000-000000000001', 'c1000000-0000-0000-0000-000000000014', 14),
('d1000000-0000-0000-0000-000000000001', 'c1000000-0000-0000-0000-000000000015', 15);
